"","depth_bin","total_f"
"1",2,-178043.11
"2",3,-983813.31
"3",4,-1257968.87
"4",5,518438.25
"5",6,589.040000000037
"6",7,-119189.07
"7",8,7481.71000000001
